<beans xmlns="http://www.springframework.org/schema/beans"
	xmlns:xsi="http://www.w3.org/2001/XMLSchema-instance" xmlns:context="http://www.springframework.org/schema/context"
	xmlns:aop="http://www.springframework.org/schema/aop" xmlns:tx="http://www.springframework.org/schema/tx"
	xsi:schemaLocation="http://www.springframework.org/schema/beans http://www.springframework.org/schema/beans/spring-beans-4.0.xsd
        http://www.springframework.org/schema/context http://www.springframework.org/schema/context/spring-context-4.0.xsd
        http://www.springframework.org/schema/aop http://www.springframework.org/schema/aop/spring-aop-4.0.xsd
        http://www.springframework.org/schema/tx http://www.springframework.org/schema/tx/spring-tx-4.0.xsd"
	default-autowire="byName" default-lazy-init="false">
	
	
	<!--spring声明式事务管理控制-->
    <!--配置事务管理器类-->
    <bean id="txManager" class="org.springframework.jdbc.datasource.DataSourceTransactionManager">
        <property name="dataSource" ref="dataSource"/>
    </bean>
    <!--配置事务增强（如何管理事务，只读、读写...）-->
    <tx:advice id="txAdvice" transaction-manager="txManager">
        <tx:attributes>
			<tx:method name="*" propagation="REQUIRED" />
        </tx:attributes>
    </tx:advice>
    <!--aop配置，拦截哪些方法（切入点表达式，拦截上面的事务增强）-->
    <aop:config>
        <aop:pointcut id="pt" expression="execution(* com.test..*.*(..))"/>
        <aop:advisor advice-ref="txAdvice" pointcut-ref="pt"/>
    </aop:config>
	
	
	<bean id="dataSource" class="org.apache.commons.dbcp.BasicDataSource">
		<property name="driverClassName" value="com.mysql.jdbc.Driver" />
		<property name="url"
			value="jdbc:mysql://127.0.0.1:3306/newgy?characterEncoding=utf8" />
		<property name="username" value="root" />
		<property name="password" value="123456" />
	</bean>

	<bean id="sqlSessionFactory" class="org.mybatis.spring.SqlSessionFactoryBean">
		<property name="dataSource" ref="dataSource" />
		<property name="configLocation" value="config/Configure.xml" />
	</bean>

	<bean id="personMaper" class="org.mybatis.spring.mapper.MapperFactoryBean">
		<property name="sqlSessionFactory" ref="sqlSessionFactory" />
		<property name="mapperInterface" value="com.test.mapper.PersonMapper" />
	</bean>
	
	<bean id="perIfMapper" class="org.mybatis.spring.mapper.MapperFactoryBean">
		<property name="sqlSessionFactory" ref="sqlSessionFactory" />
		<property name="mapperInterface" value="com.test.myif.PerIfMapper" />
	</bean>
	
	<bean id="perWhMapper" class="org.mybatis.spring.mapper.MapperFactoryBean">
		<property name="sqlSessionFactory" ref="sqlSessionFactory" />
		<property name="mapperInterface" value="com.test.mywh.PerWhMapper" />
	</bean>
	
	<bean id="perSetMapper" class="org.mybatis.spring.mapper.MapperFactoryBean">
		<property name="sqlSessionFactory" ref="sqlSessionFactory" />
		<property name="mapperInterface" value="com.test.myset.PerSetMapper" />
	</bean>
	
	<bean id="perTrMapper" class="org.mybatis.spring.mapper.MapperFactoryBean">
		<property name="sqlSessionFactory" ref="sqlSessionFactory" />
		<property name="mapperInterface" value="com.test.mytr.PerTrMapper" />
	</bean>
	
	<bean id="perChMapper" class="org.mybatis.spring.mapper.MapperFactoryBean">
		<property name="sqlSessionFactory" ref="sqlSessionFactory" />
		<property name="mapperInterface" value="com.test.mych.PerChMapper" />
	</bean>
	
	<bean id="perFeMapper" class="org.mybatis.spring.mapper.MapperFactoryBean">
		<property name="sqlSessionFactory" ref="sqlSessionFactory" />
		<property name="mapperInterface" value="com.test.myfe.PerFeMapper" />
	</bean>
</beans>