<?xml version="1.0" encoding="UTF-8"?>
<!DOCTYPE configuration PUBLIC "-//mybatis.org//DTD Config 3.0//EN"
"http://mybatis.org/dtd/mybatis-3-config.dtd">
<configuration>
	<typeAliases>
		<typeAlias alias="Person" type="com.test.model.Person" />
		<typeAlias alias="Child" type="com.test.model.Child" />
	</typeAliases>
	<mappers>
		<mapper resource="com/test/mapper/Person.xml" />
		<mapper resource="com/test/myif/perif.xml" />
		<mapper resource="com/test/mywh/perwh.xml" />
		<mapper resource="com/test/myset/perset.xml" />
		<mapper resource="com/test/mytr/pertr.xml" />
		<mapper resource="com/test/mych/perch.xml" />
		<mapper resource="com/test/myfe/perfe.xml" />
	</mappers>
</configuration>