<?xml version="1.0" encoding="UTF-8"?>
<beans xmlns="http://www.springframework.org/schema/beans"  
    xmlns:xsi="http://www.w3.org/2001/XMLSchema-instance"  
    xsi:schemaLocation="http://www.springframework.org/schema/beans  
               http://www.springframework.org/schema/beans/spring-beans-4.0.xsd">  
 	
 	<bean id="personDao" class="com.test.dao.PersonDao">
        <property name="jdbcTemplate" ref="jdbcTemplate"></property>
    </bean>
    
                  
   	<bean id="simpleDao" class="com.test.dao.SimpleDao">
        <property name="jdbcTemplate" ref="jdbcTemplate"></property>
    </bean>
                 
 	<bean id="jdbcTemplate" class="org.springframework.jdbc.core.JdbcTemplate">
        <property name="dataSource" ref="dataSource"></property>
    </bean>
	
	 <bean id="dataSource" class="org.springframework.jdbc.datasource.DriverManagerDataSource">
		 <property name="driverClassName">
			<value>com.mysql.jdbc.Driver</value>
		</property>
		<property name="url">
			<value>jdbc:mysql://127.0.0.1:3306/template</value>
		</property>
		<property name="username">
			<value>root</value>
		</property>
		<property name="password">
			<value>123456</value>
	    </property>     
       </bean>       
</beans>