<beans xmlns="http://www.springframework.org/schema/beans"
	xmlns:xsi="http://www.w3.org/2001/XMLSchema-instance"
	xsi:schemaLocation="http://www.springframework.org/schema/beans
                        http://www.springframework.org/schema/beans/spring-beans.xsd">

	<bean id="student" class="com.test.ch06.Student">  
	<property name="name" value="学生1"/>  
	  
	<!-- 给数组注入值 -->  
	<property name="courseName">  
	    <list>  
	        <value>课程1</value>  
	        <value>课程2</value>  
	        <value>课程3</value>  
	    </list>  
	</property>  
	  
	<!-- 给list注入值 list 中可以有相当的对象 -->  
	<property name="courseList">  
	    <list>  
	        <ref bean="course2" />  
	        <ref bean="course2"/>  
	        <ref bean="course1"/>  
	        <ref bean="course1"/>  
	        <ref bean="course1"/>  
	        <ref bean="course1"/>  
	        <ref bean="course1"/>  
	    </list>  
	</property>  
	  
	<!-- 给set注入值 set不能有相同的对象 -->  
	<property name="courseSets">  
	    <set>  
	        <ref bean="course1" />  
	        <ref bean="course2"/>  
	        <ref bean="course2"/>  
	        <ref bean="course2"/>  
	        <ref bean="course2"/>  
	    </set>  
	</property>  
	  
	<!-- 给map注入值 map只有key不一样，就可以装配value -->  
	<property name="courseMaps">  
	    <map>  
	        <entry key="1" value-ref="course1" />   
	        <entry key="2" value-ref="course2"/>  
	        <entry key="3" value-ref="course1"/>  
	    </map>  
	</property>  
	  
	<!-- 给属性集合配置 -->  
	<property name="pp">  
	    <props>  
	        <prop key="pp1">课程11</prop>  
	        <prop key="pp2">课程22</prop>  
	    </props>  
	</property>  
	</bean>  
	  
	<bean id="course1" class="com.test.ch06.Course">  
	    <property name="name" value="代数"/>  
	</bean>  
	<bean id="course2" class="com.test.ch06.Course">  
	    <property name="name" value="英语"/>  
	</bean>  
  
</beans>