<beans xmlns="http://www.springframework.org/schema/beans"
	xmlns:xsi="http://www.w3.org/2001/XMLSchema-instance"
	xsi:schemaLocation="http://www.springframework.org/schema/beans
                        http://www.springframework.org/schema/beans/spring-beans.xsd">

	<bean id="studentService" class="com.test.ch07.StudentService">
		<property name="name" value="学生" />
		<property name="favorite" value="围棋" />
	</bean>
	
	<bean id="testAOPMethodInterceptor" class="com.test.ch07.TestAOPMethodInterceptor" />

	<bean id="studentServiceProxy4" 
                 class="org.springframework.aop.framework.ProxyFactoryBean">

		<property name="target" ref="studentService" />

		<property name="interceptorNames">
			<list>
				<value>testAOPMethodInterceptor</value>
			</list>
		</property>
	</bean>
	
	<bean id="testAOPThrowException" class="com.test.ch07.TestAOPThrowException" />

	<bean id="studentServiceProxy3" 
                 class="org.springframework.aop.framework.ProxyFactoryBean">

		<property name="target" ref="studentService" />

		<property name="interceptorNames">
			<list>
				<value>testAOPThrowException</value>
			</list>
		</property>
	</bean>
	
	<bean id="testAOPAfterMethod" class="com.test.ch07.TestAOPAfterMethod" />

	<bean id="studentServiceProxy2" 
                 class="org.springframework.aop.framework.ProxyFactoryBean">

		<property name="target" ref="studentService" />

		<property name="interceptorNames">
			<list>
				<value>testAOPAfterMethod</value>
			</list>
		</property>
	</bean>


	<bean id="testAOPBeforeMethod" class="com.test.ch07.TestAOPBeforeMethod" />

	<bean id="studentServiceProxy1" 
                 class="org.springframework.aop.framework.ProxyFactoryBean">

		<property name="target" ref="studentService" />

		<property name="interceptorNames">
			<list>
				<value>testAOPBeforeMethod</value>
			</list>
		</property>
	</bean>
</beans>